{"cameraMode":{"drawMode":0,"name":"Shaded","section":"Shading Mode"},"sceneLighting":true,"audioPlay":false,"sceneViewState":{"showFog":true,"showMaterialUpdate":false,"showSkybox":true,"showFlares":true,"showImageEffects":true,"showParticleSystems":true},"in2DMode":false,"pivot":{"x":165.423828125,"y":97.5751953125,"z":49.28125},"rotation":{"x":0.014997769147157669,"y":-0.01499758381396532,"z":0.00022496595920529217,"w":0.9997749924659729},"size":249.9017791748047,"orthographic":true}